{
    "now": "2025-06-08T20:26:03.685Z",
    "perfNow": 165552.40000000037,
    "diagnosticCorrelation": "7f15fdb5-f5e5-402c-aed7-224934a586dd",
    "source": "DownloadSupportFiles",
    "environment": {
        "productName": "adf",
        "buildVersion": "1.0.052025.12",
        "environmentType": 3,
        "resourceName": "abdulrafayadf",
        "resourceRegion": "eastus",
        "resourceGroup": "AdventureWorksProject",
        "subscriptionId": "1de05838-e056-4cb7-9f1c-9701f6a91c33",
        "sessionId": "b2e5F+4NQzGIlhxuUaQAEF",
        "operationId": "",
        "gitType": "live",
        "loggingKey": "509e43fc-e706-4f01-b00b-fd51672a5525"
    },
    "additionalInfo": {
        "selectedResource": "ds_sink_dynamic",
        "selectedResourceType": "dataset"
    }
}