{
    "name": "ds_sink_dynamic",
    "properties": {
        "linkedServiceName": {
            "referenceName": "storagedatalake",
            "type": "LinkedServiceReference"
        },
        "parameters": {
            "p_sink_folder": {
                "type": "String"
            },
            "p_file_name": {
                "type": "String"
            }
        },
        "annotations": [],
        "type": "DelimitedText",
        "typeProperties": {
            "location": {
                "type": "AzureBlobFSLocation",
                "fileName": {
                    "value": "@dataset().p_file_name",
                    "type": "Expression"
                },
                "folderPath": {
                    "value": "@dataset().p_sink_folder",
                    "type": "Expression"
                },
                "fileSystem": "rawdata"
            },
            "columnDelimiter": ",",
            "escapeChar": "\\",
            "firstRowAsHeader": true,
            "quoteChar": "\""
        },
        "schema": []
    },
    "type": "Microsoft.DataFactory/factories/datasets"
}