{
    "now": "2025-06-08T20:23:52.735Z",
    "perfNow": 34602.59999999963,
    "diagnosticCorrelation": "b48b38bb-75c4-4aef-86cb-e127c69cda14",
    "source": "DownloadSupportFiles",
    "environment": {
        "productName": "adf",
        "buildVersion": "1.0.052025.12",
        "environmentType": 3,
        "resourceName": "abdulrafayadf",
        "resourceRegion": "eastus",
        "resourceGroup": "AdventureWorksProject",
        "subscriptionId": "1de05838-e056-4cb7-9f1c-9701f6a91c33",
        "sessionId": "b2e5F+4NQzGIlhxuUaQAEF",
        "operationId": "",
        "gitType": "live",
        "loggingKey": "509e43fc-e706-4f01-b00b-fd51672a5525"
    },
    "additionalInfo": {
        "selectedResource": "ds_git_dynamic",
        "selectedResourceType": "dataset"
    }
}